id;job_id;completed;reported_by;reported_on;client_order_id;priority;fault;access_instructions;address;occupiers_name;occupiers_home_phone;occupiers_work_phone;occupiers_mobile_phone;occupiers_tenant_signature
1;Armenia compelling;2020-12-06T08:38:00;calculating;2020-12-05T21:27:38;hacking exuding;60450;Metal Health Garden;payment Drive Ball;Licensed Wooden Cheese Stravenue dynamic;Borders;pink violet;synthesizing Practical Plastic Fish Flat;invoice;Ecuador Ergonomic
2;Sleek Somoni;2020-12-06T09:26:54;contingency Mills Auto Loan Account;2020-12-06T11:56:50;Comoro Franc Keyboard envisioneer;53501;firewall Mobility Borders;Avon Nuevo Sol application;help-desk;Singapore Integration Incredible;protocol purple Car;Cambridgeshire SDR empower;Expanded;violet Baby
3;relationships e-tailers;2020-12-06T03:35:04;Turnpike;2020-12-06T06:46:52;Sleek Cotton Soap;46861;input New York Concrete;Dynamic Sleek;Focused;Planner Togo microchip;Producer Lari Liberian Dollar;RAM;FTP;Outdoors
4;Engineer;2020-12-06T09:00:01;Ergonomic;2020-12-06T16:45:38;RSS;93871;deposit Electronics;orange;Idaho out-of-the-box;Pennsylvania;Chair Facilitator encryption;functionalities generating;Iranian Rial;recontextualize
5;transmitter;2020-12-06T19:51:55;attitude array hard drive;2020-12-06T05:57:00;Handmade Money Market Account Isle;32562;ivory calculating;methodology Tunisian Dinar Hills;Health attitude;Personal Loan Account grow;compressing Auto Loan Account;Regional;Branding;interface
6;Fresh;2020-12-06T03:52:28;Enterprise-wide Chief;2020-12-06T12:17:02;override Lesotho card;73766;Customer;Springs bypassing;invoice green;Tasty Soft Hat Computer;Licensed Plastic Gloves invoice white;deposit Incredible Plastic Soap back up;Licensed;frictionless generate primary
7;Villages;2020-12-06T19:29:17;intangible heuristic;2020-12-06T01:18:49;Handmade green olive;44948;connect e-tailers disintermediate;1080p relationships;ADP Handmade Rubber Bacon;Supervisor Central;solutions transmit Rustic;encoding clicks-and-mortar Associate;generating;client-driven Accountability B2B
8;Usability override Australian Dollar;2020-12-06T03:22:47;seamless Steel HDD;2020-12-06T11:47:56;stable Legacy;21835;Director;Supervisor navigating Corporate;Group Director Kentucky;Sports Direct;Guarani Algerian Dinar;programming Home Loan Account;AGP;orchid New Jersey
9;grey Applications;2020-12-05T22:07:20;Saint Barthelemy;2020-12-05T21:43:09;Bedfordshire vertical Tokelau;97871;Rubber Cambridgeshire;Proactive;Streets;mobile unleash Handmade;Business-focused;plum Gorgeous;Global;navigate De-engineered Soft
10;Credit Card Account;2020-12-05T21:24:47;Automotive Rustic application;2020-12-05T23:14:45;Summit extensible SSL;75917;Bedfordshire;Savings Account;solid state invoice Trace;input redundant;overriding Shoes;Saint Helena Pound;override synthesize;Facilitator Consultant
